<?xml version="1.0" encoding="UTF-8"?>
<preferences>
 <debug showDebugMenu="0" />
 <systemtable filter="All Interfaces">
  <columns>
   <connections preferredWidth="143" />
   <irq preferredWidth="63" />
  </columns>
 </systemtable>
 <library
   expandedCategories="Project,Library/Interface Protocols/PCI Express,Library/Interface Protocols/PCI Express/QSYS Example Designs,Library/Interface Protocols,Library,Library/Processors and Peripherals,Library/Processors and Peripherals/Peripherals" />
 <window width="1936" height="1056" x="-8" y="-8" />
</preferences>
