<?xml version="1.0"?>
<instance entity-name="altera_fir_compiler_ii" version="17.1" >
<generic name="filterType" value="single" />
<generic name="interpFactor" value="1" />
<generic name="decimFactor" value="1" />
<generic name="symmetryMode" value="nsym" />
<generic name="L_bandsFilter" value="1" />
<generic name="inputChannelNum" value="1" />
<generic name="clockRate" value="50" />
<generic name="clockSlack" value="0" />
<generic name="inputRate" value="0.5" />
<generic name="coeffReload" value="false" />
<generic name="baseAddress" value="0" />
<generic name="readWriteMode" value="read_write" />
<generic name="backPressure" value="false" />
<generic name="deviceFamily" value="Cyclone IV E" />
<generic name="speedGrade" value="medium" />
<generic name="delayRAMBlockThreshold" value="20" />
<generic name="dualMemDistRAMThreshold" value="1280" />
<generic name="mRAMThreshold" value="1000000" />
<generic name="hardMultiplierThreshold" value="-1" />
<generic name="reconfigurable" value="false" />
<generic name="num_modes" value="2" />
<generic name="reconfigurable_list" value="0" />
<generic name="MODE_STRING" value="None Set" />
<generic name="channelModes" value="0,1,2,3" />
<generic name="inputType" value="int" />
<generic name="inputBitWidth" value="12" />
<generic name="inputFracBitWidth" value="0" />
<generic name="coeffSetRealValue" value="0.0,0.0026550293,0.0,0.0034484863,0.0,0.0049819946,0.0,0.0073928833,0.0,0.0108108521,0.0,0.0154190063,0.0,0.0214385986,0.0,0.0291748047,0.0,0.0390930176,0.0,0.0519256592,0.0,0.0689544678,0.0,0.092628479,0.0,0.1282272339,0.0,0.1895523071,0.0,0.3274536133,0.0,0.9999923706,0.0,-0.9999923706,0.0,-0.3274536133,0.0,-0.1895523071,0.0,-0.1282272339,0.0,-0.092628479,0.0,-0.0689544678,0.0,-0.0519256592,0.0,-0.0390930176,0.0,-0.0291748047,0.0,-0.0214385986,0.0,-0.0154190063,0.0,-0.0108108521,0.0,-0.0073928833,0.0,-0.0049819946,0.0,-0.0034484863,0.0,-0.0026550293,0.0" />
<generic name="coeffSetRealValueImag" value="0.0, 0.0, 0.0, 0.0, 0.0, 0.0, 0.0, 0.0, 0.0, 0.0, 0.0, 0.0, -0.0530093, -0.04498, 0.0, 0.0749693, 0.159034, 0.224907, 0.249809, 0.224907, 0.159034, 0.0749693, 0.0, -0.04498, -0.0530093, -0.0321283, 0.0, 0.0, 0.0, 0.0, 0.0, 0.0, 0.0, 0.0, 0.0, 0.0, 0.0" />
<generic name="coeffScaling" value="auto" />
<generic name="coeffType" value="int" />
<generic name="coeffBitWidth" value="16" />
<generic name="coeffFracBitWidth" value="0" />
<generic name="coeffComplex" value="false" />
<generic name="karatsuba" value="false" />
<generic name="outType" value="int" />
<generic name="outMSBRound" value="trunc" />
<generic name="outMsbBitRem" value="0" />
<generic name="outLSBRound" value="trunc" />
<generic name="outLsbBitRem" value="23" />
<generic name="bankCount" value="1" />
<generic name="bankDisplay" value="0" />
</instance>
