<?xml version="1.0"?>
<instance entity-name="altera_fir_compiler_ii" version="17.1" >
<generic name="filterType" value="decim" />
<generic name="interpFactor" value="1" />
<generic name="decimFactor" value="2" />
<generic name="symmetryMode" value="nsym" />
<generic name="L_bandsFilter" value="1" />
<generic name="inputChannelNum" value="1" />
<generic name="clockRate" value="50" />
<generic name="clockSlack" value="0" />
<generic name="inputRate" value="0.1" />
<generic name="coeffReload" value="false" />
<generic name="baseAddress" value="0" />
<generic name="readWriteMode" value="read_write" />
<generic name="backPressure" value="false" />
<generic name="deviceFamily" value="Cyclone IV E" />
<generic name="speedGrade" value="medium" />
<generic name="delayRAMBlockThreshold" value="20" />
<generic name="dualMemDistRAMThreshold" value="1280" />
<generic name="mRAMThreshold" value="1000000" />
<generic name="hardMultiplierThreshold" value="-1" />
<generic name="reconfigurable" value="false" />
<generic name="num_modes" value="2" />
<generic name="reconfigurable_list" value="0" />
<generic name="MODE_STRING" value="None Set" />
<generic name="channelModes" value="0,1,2,3" />
<generic name="inputType" value="int" />
<generic name="inputBitWidth" value="24" />
<generic name="inputFracBitWidth" value="0" />
<generic name="coeffSetRealValue" value="-843.0,-741.0,-568.0,-352.0,-129.0,62.0,190.0,228.0,162.0,-2.0,-249.0,-547.0,-854.0,-1127.0,-1328.0,-1426.0,-1406.0,-1271.0,-1041.0,-752.0,-451.0,-188.0,-9.0,50.0,-26.0,-239.0,-564.0,-959.0,-1371.0,-1741.0,-2013.0,-2143.0,-2110.0,-1914.0,-1580.0,-1158.0,-711.0,-312.0,-29.0,84.0,-3.0,-293.0,-757.0,-1337.0,-1954.0,-2516.0,-2937.0,-3144.0,-3092.0,-2771.0,-2213.0,-1488.0,-697.0,39.0,601.0,879.0,800.0,333.0,-495.0,-1602.0,-2857.0,-4086.0,-5099.0,-5707.0,-5749.0,-5110.0,-3742.0,-1674.0,989.0,4070.0,7335.0,10518.0,13348.0,15574.0,16997.0,17486.0,16997.0,15574.0,13348.0,10518.0,7335.0,4070.0,989.0,-1674.0,-3742.0,-5110.0,-5749.0,-5707.0,-5099.0,-4086.0,-2857.0,-1602.0,-495.0,333.0,800.0,879.0,601.0,39.0,-697.0,-1488.0,-2213.0,-2771.0,-3092.0,-3144.0,-2937.0,-2516.0,-1954.0,-1337.0,-757.0,-293.0,-3.0,84.0,-29.0,-312.0,-711.0,-1158.0,-1580.0,-1914.0,-2110.0,-2143.0,-2013.0,-1741.0,-1371.0,-959.0,-564.0,-239.0,-26.0,50.0,-9.0,-188.0,-451.0,-752.0,-1041.0,-1271.0,-1406.0,-1426.0,-1328.0,-1127.0,-854.0,-547.0,-249.0,-2.0,162.0,228.0,190.0,62.0,-129.0,-352.0,-568.0,-741.0,-843.0" />
<generic name="coeffSetRealValueImag" value="0.0, 0.0, 0.0, 0.0, 0.0, 0.0, 0.0, 0.0, 0.0, 0.0, 0.0, 0.0, -0.0530093, -0.04498, 0.0, 0.0749693, 0.159034, 0.224907, 0.249809, 0.224907, 0.159034, 0.0749693, 0.0, -0.04498, -0.0530093, -0.0321283, 0.0, 0.0, 0.0, 0.0, 0.0, 0.0, 0.0, 0.0, 0.0, 0.0, 0.0" />
<generic name="coeffScaling" value="auto" />
<generic name="coeffType" value="int" />
<generic name="coeffBitWidth" value="16" />
<generic name="coeffFracBitWidth" value="0" />
<generic name="coeffComplex" value="false" />
<generic name="karatsuba" value="false" />
<generic name="outType" value="int" />
<generic name="outMSBRound" value="trunc" />
<generic name="outMsbBitRem" value="0" />
<generic name="outLSBRound" value="trunc" />
<generic name="outLsbBitRem" value="32" />
<generic name="bankCount" value="1" />
<generic name="bankDisplay" value="0" />
</instance>
